<?xml version="1.0" encoding="utf-8"?> 
<Data> 
<AssessmentScore ScoreName="gtdriver.x64.General.XMLTimeStamp" ScoreValue="0" ScoreUnit="01/19/2022 11:29:54" />
<AssessmentScore ScoreName="gtdriver.x64.General.DriverBinary" ScoreValue="0" ScoreUnit="gtdriver.sys" />
<AssessmentScore ScoreName="gtdriver.x64.General.BinaryTimeStamp" ScoreValue="0" ScoreUnit="12/31/1600 19:00:00" />
<AssessmentScore ScoreName="gtdriver.x64.General.DriverType" ScoreValue="0" ScoreUnit="wdm" />
<AssessmentScore ScoreName="gtdriver.x64.General.DriverSize" ScoreValue="0" ScoreUnit="LOC" />
<AssessmentScore ScoreName="gtdriver.x64.General.DriverVersion" ScoreValue="0" ScoreUnit="0" />
<AssessmentScore ScoreName="gtdriver.x64.General.Libs" ScoreValue="0" ScoreUnit="Number of external libraries used" />
<AssessmentScore ScoreName="gtdriver.x64.SDV.Version" ScoreValue="0" ScoreUnit="sdv-2021-03-16" />
<AssessmentScore ScoreName="gtdriver.x64.SDV.DriverEntry.fun_AddDevice" ScoreValue="0" ScoreUnit="" />
<AssessmentScore ScoreName="gtdriver.x64.SDV.DriverEntry.fun_DriverEntry" ScoreValue="0" ScoreUnit="" />
<AssessmentScore ScoreName="gtdriver.x64.SDV.DriverEntry.fun_DriverUnload" ScoreValue="0" ScoreUnit="" />
<AssessmentScore ScoreName="gtdriver.x64.SDV.DriverEntry.fun_IO_COMPLETION_ROUTINE_1" ScoreValue="0" ScoreUnit="" />
<AssessmentScore ScoreName="gtdriver.x64.SDV.DriverEntry.fun_IO_COMPLETION_ROUTINE_2" ScoreValue="0" ScoreUnit="" />
<AssessmentScore ScoreName="gtdriver.x64.SDV.DriverEntry.fun_IO_COMPLETION_ROUTINE_3" ScoreValue="0" ScoreUnit="" />
<AssessmentScore ScoreName="gtdriver.x64.SDV.DriverEntry.fun_IO_COMPLETION_ROUTINE_4" ScoreValue="0" ScoreUnit="" />
<AssessmentScore ScoreName="gtdriver.x64.SDV.DriverEntry.fun_IO_COMPLETION_ROUTINE_5" ScoreValue="0" ScoreUnit="" />
<AssessmentScore ScoreName="gtdriver.x64.SDV.DriverEntry.fun_IO_DPC_ROUTINE_1" ScoreValue="0" ScoreUnit="" />
<AssessmentScore ScoreName="gtdriver.x64.SDV.DriverEntry.fun_IRP_MJ_CLEANUP" ScoreValue="0" ScoreUnit="" />
<AssessmentScore ScoreName="gtdriver.x64.SDV.DriverEntry.fun_IRP_MJ_CLOSE" ScoreValue="0" ScoreUnit="" />
<AssessmentScore ScoreName="gtdriver.x64.SDV.DriverEntry.fun_IRP_MJ_CREATE" ScoreValue="0" ScoreUnit="" />
<AssessmentScore ScoreName="gtdriver.x64.SDV.DriverEntry.fun_IRP_MJ_DEVICE_CONTROL" ScoreValue="0" ScoreUnit="" />
<AssessmentScore ScoreName="gtdriver.x64.SDV.DriverEntry.fun_IRP_MJ_FLUSH_BUFFERS" ScoreValue="0" ScoreUnit="" />
<AssessmentScore ScoreName="gtdriver.x64.SDV.DriverEntry.fun_IRP_MJ_PNP" ScoreValue="0" ScoreUnit="" />
<AssessmentScore ScoreName="gtdriver.x64.SDV.DriverEntry.fun_IRP_MJ_POWER" ScoreValue="0" ScoreUnit="" />
<AssessmentScore ScoreName="gtdriver.x64.SDV.DriverEntry.fun_IRP_MJ_READ" ScoreValue="0" ScoreUnit="" />
<AssessmentScore ScoreName="gtdriver.x64.SDV.DriverEntry.fun_IRP_MJ_SYSTEM_CONTROL" ScoreValue="0" ScoreUnit="" />
<AssessmentScore ScoreName="gtdriver.x64.SDV.DriverEntry.fun_IRP_MJ_WRITE" ScoreValue="0" ScoreUnit="" />
<AssessmentScore ScoreName="gtdriver.x64.SDV.DriverEntry.fun_KDEFERRED_ROUTINE_1" ScoreValue="0" ScoreUnit="" />
<AssessmentScore ScoreName="gtdriver.x64.SDV.DriverEntry.fun_KSERVICE_ROUTINE_1" ScoreValue="0" ScoreUnit="" />
<AssessmentScore ScoreName="gtdriver.x64.SDV.DriverEntry.fun_KSTART_ROUTINE" ScoreValue="0" ScoreUnit="" />
<AssessmentScore ScoreName="gtdriver.x64.SDV.DriverEntry.fun_REQUEST_POWER_COMPLETE_1" ScoreValue="0" ScoreUnit="" />
<AssessmentScore ScoreName="gtdriver.x64.SDV.ActiveRuleTotal" ScoreValue="198" ScoreUnit="Total rules available" />
<AssessmentScore ScoreName="gtdriver.x64.SDV.Rule.guardedregions" ScoreValue="0" ScoreUnit="SDV_PASSED" />
<AssessmentScore ScoreName="gtdriver.x64.SDV.Rule.iobuildfsd" ScoreValue="2" ScoreUnit="SDV_NA" />
<AssessmentScore ScoreName="gtdriver.x64.SDV.Rule.iobuilddevicecontrolnofree" ScoreValue="2" ScoreUnit="SDV_NA" />
<AssessmentScore ScoreName="gtdriver.x64.SDV.Rule.iobuildsynchronousfsdrequestwait" ScoreValue="2" ScoreUnit="SDV_NA" />
<AssessmentScore ScoreName="gtdriver.x64.SDV.Rule.ioallocateirpsignaleventincompletiontimeout" ScoreValue="2" ScoreUnit="SDV_NA" />
<AssessmentScore ScoreName="gtdriver.x64.SDV.Rule.useafterfree" ScoreValue="6" ScoreUnit="SDV_TOOLERROR" />
<AssessmentScore ScoreName="gtdriver.x64.SDV.Rule.irqlobpassive" ScoreValue="0" ScoreUnit="SDV_PASSED" />
<AssessmentScore ScoreName="gtdriver.x64.SDV.Rule.powerirpddis" ScoreValue="2" ScoreUnit="SDV_NA" />
<AssessmentScore ScoreName="gtdriver.x64.SDV.Rule.dopowerinrush" ScoreValue="0" ScoreUnit="SDV_PASSED" />
<AssessmentScore ScoreName="gtdriver.x64.SDV.Rule.nsremovelockquerymnremove" ScoreValue="0" ScoreUnit="SDV_PASSED" />
<AssessmentScore ScoreName="gtdriver.x64.SDV.Rule.iodpcroutine" ScoreValue="1" ScoreUnit="SDV_FAILED" />
<AssessmentScore ScoreName="gtdriver.x64.SDV.Rule.iosetcompletionroutineexcheckdeviceobject" ScoreValue="2" ScoreUnit="SDV_NA" />
<AssessmentScore ScoreName="gtdriver.x64.SDV.Rule.irqlexapclte2" ScoreValue="2" ScoreUnit="SDV_NA" />
<AssessmentScore ScoreName="gtdriver.x64.SDV.Rule.irqlexapclte3" ScoreValue="2" ScoreUnit="SDV_NA" />
<AssessmentScore ScoreName="gtdriver.x64.SDV.Rule.driverentryioattribcheck" ScoreValue="2" ScoreUnit="SDV_NA" />
<AssessmentScore ScoreName="gtdriver.x64.SDV.Rule.irqlexapclte1" ScoreValue="2" ScoreUnit="SDV_NA" />
<AssessmentScore ScoreName="gtdriver.x64.SDV.Rule.irqlexallocatepool" ScoreValue="2" ScoreUnit="SDV_NA" />
<AssessmentScore ScoreName="gtdriver.x64.SDV.Rule.irpcancelfield" ScoreValue="0" ScoreUnit="SDV_PASSED" />
<AssessmentScore ScoreName="gtdriver.x64.SDV.Rule.startdevicewait3" ScoreValue="1" ScoreUnit="SDV_FAILED" />
<AssessmentScore ScoreName="gtdriver.x64.SDV.Rule.irqliopassive4" ScoreValue="0" ScoreUnit="SDV_PASSED" />
<AssessmentScore ScoreName="gtdriver.x64.SDV.Rule.workerthread" ScoreValue="0" ScoreUnit="SDV_PASSED" />
<AssessmentScore ScoreName="gtdriver.x64.SDV.Rule.ioallocateirpsignaleventincompletion2" ScoreValue="2" ScoreUnit="SDV_NA" />
<AssessmentScore ScoreName="gtdriver.x64.SDV.Rule.ioallocateirpsignaleventincompletion3" ScoreValue="2" ScoreUnit="SDV_NA" />
<AssessmentScore ScoreName="gtdriver.x64.SDV.Rule.irqlreturn" ScoreValue="0" ScoreUnit="SDV_PASSED" />
<AssessmentScore ScoreName="gtdriver.x64.SDV.Rule.ioreleaseremovelockandwaitoutsideremovedevice" ScoreValue="0" ScoreUnit="SDV_PASSED" />
<AssessmentScore ScoreName="gtdriver.x64.SDV.Rule.completerequest" ScoreValue="0" ScoreUnit="SDV_PASSED" />
<AssessmentScore ScoreName="gtdriver.x64.SDV.Rule.spinlockrelease" ScoreValue="0" ScoreUnit="SDV_PASSED" />
<AssessmentScore ScoreName="gtdriver.x64.SDV.Rule.cancelspinlockrelease" ScoreValue="0" ScoreUnit="SDV_PASSED" />
<AssessmentScore ScoreName="gtdriver.x64.SDV.Rule.iobuildfsdcomplete" ScoreValue="2" ScoreUnit="SDV_NA" />
<AssessmentScore ScoreName="gtdriver.x64.SDV.Rule.cancelroutine" ScoreValue="0" ScoreUnit="SDV_PASSED" />
<AssessmentScore ScoreName="gtdriver.x64.SDV.Rule.iobuildfsdirpsignaleventincompletiontimeout" ScoreValue="2" ScoreUnit="SDV_NA" />
<AssessmentScore ScoreName="gtdriver.x64.SDV.Rule.iobuilddevicecontrolwaittimeout" ScoreValue="2" ScoreUnit="SDV_NA" />
<AssessmentScore ScoreName="gtdriver.x64.SDV.Rule.startiocancel" ScoreValue="0" ScoreUnit="SDV_PASSED" />
<AssessmentScore ScoreName="gtdriver.x64.SDV.Rule.markirppending" ScoreValue="0" ScoreUnit="SDV_PASSED" />
<AssessmentScore ScoreName="gtdriver.x64.SDV.Rule.removelockreleasepnp" ScoreValue="0" ScoreUnit="SDV_PASSED" />
<AssessmentScore ScoreName="gtdriver.x64.SDV.Rule.irqlexfree2" ScoreValue="2" ScoreUnit="SDV_NA" />
<AssessmentScore ScoreName="gtdriver.x64.SDV.Rule.doublefetch" ScoreValue="6" ScoreUnit="SDV_TOOLERROR" />
<AssessmentScore ScoreName="gtdriver.x64.SDV.Rule.iobuildsynchronousfsdrequestnofree" ScoreValue="2" ScoreUnit="SDV_NA" />
<AssessmentScore ScoreName="gtdriver.x64.SDV.Rule.pnpsamedeviceobject" ScoreValue="0" ScoreUnit="SDV_PASSED" />
<AssessmentScore ScoreName="gtdriver.x64.SDV.Rule.irqliopassive5" ScoreValue="0" ScoreUnit="SDV_PASSED" />
<AssessmentScore ScoreName="gtdriver.x64.SDV.Rule.removelockreleasecreate" ScoreValue="0" ScoreUnit="SDV_PASSED" />
<AssessmentScore ScoreName="gtdriver.x64.SDV.Rule.irqlkewaitformultipleobjects" ScoreValue="2" ScoreUnit="SDV_NA" />
<AssessmentScore ScoreName="gtdriver.x64.SDV.Rule.pendedcompletedrequest2" ScoreValue="0" ScoreUnit="SDV_PASSED" />
<AssessmentScore ScoreName="gtdriver.x64.SDV.Rule.removecheck2" ScoreValue="0" ScoreUnit="SDV_PASSED" />
<AssessmentScore ScoreName="gtdriver.x64.SDV.Rule.removelockmnremove" ScoreValue="2" ScoreUnit="SDV_NA" />
<AssessmentScore ScoreName="gtdriver.x64.SDV.Rule.removelockquerymnremove" ScoreValue="0" ScoreUnit="SDV_PASSED" />
<AssessmentScore ScoreName="gtdriver.x64.SDV.Rule.irqlioapclte" ScoreValue="0" ScoreUnit="SDV_PASSED" />
<AssessmentScore ScoreName="gtdriver.x64.SDV.Rule.isrroutine" ScoreValue="1" ScoreUnit="SDV_FAILED" />
<AssessmentScore ScoreName="gtdriver.x64.SDV.Rule.markpower" ScoreValue="0" ScoreUnit="SDV_PASSED" />
<AssessmentScore ScoreName="gtdriver.x64.SDV.Rule.removelockreleaseshutdown" ScoreValue="2" ScoreUnit="SDV_NA" />
<AssessmentScore ScoreName="gtdriver.x64.SDV.Rule.iobuildfsdirpsignaleventincompletion2" ScoreValue="2" ScoreUnit="SDV_NA" />
<AssessmentScore ScoreName="gtdriver.x64.SDV.Rule.iobuildfsdirpsignaleventincompletion3" ScoreValue="2" ScoreUnit="SDV_NA" />
<AssessmentScore ScoreName="gtdriver.x64.SDV.Rule.markpowerdown" ScoreValue="0" ScoreUnit="SDV_PASSED" />
<AssessmentScore ScoreName="gtdriver.x64.SDV.Rule.checkadddevice" ScoreValue="1" ScoreUnit="SDV_FAILED" />
<AssessmentScore ScoreName="gtdriver.x64.SDV.Rule.iocompletion" ScoreValue="1" ScoreUnit="SDV_FAILED" />
<AssessmentScore ScoreName="gtdriver.x64.SDV.Rule.irqlrtlpassive" ScoreValue="2" ScoreUnit="SDV_NA" />
<AssessmentScore ScoreName="gtdriver.x64.SDV.Rule.irpprocessingcomplete" ScoreValue="0" ScoreUnit="SDV_PASSED" />
<AssessmentScore ScoreName="gtdriver.x64.SDV.Rule.markdevicepower" ScoreValue="0" ScoreUnit="SDV_PASSED" />
<AssessmentScore ScoreName="gtdriver.x64.SDV.Rule.irqlkeraiselower2" ScoreValue="0" ScoreUnit="SDV_PASSED" />
<AssessmentScore ScoreName="gtdriver.x64.SDV.Rule.irqlexpassive" ScoreValue="2" ScoreUnit="SDV_NA" />
<AssessmentScore ScoreName="gtdriver.x64.SDV.Rule.removelock" ScoreValue="0" ScoreUnit="SDV_PASSED" />
<AssessmentScore ScoreName="gtdriver.x64.SDV.Rule.startdevicewait" ScoreValue="1" ScoreUnit="SDV_FAILED" />
<AssessmentScore ScoreName="gtdriver.x64.SDV.Rule.adddevice" ScoreValue="0" ScoreUnit="SDV_PASSED" />
<AssessmentScore ScoreName="gtdriver.x64.SDV.Rule.removelockforwarddevicecontrolinternal" ScoreValue="2" ScoreUnit="SDV_NA" />
<AssessmentScore ScoreName="gtdriver.x64.SDV.Rule.dispatchroutine" ScoreValue="1" ScoreUnit="SDV_FAILED" />
<AssessmentScore ScoreName="gtdriver.x64.SDV.Rule.irqliopassive3" ScoreValue="0" ScoreUnit="SDV_PASSED" />
<AssessmentScore ScoreName="gtdriver.x64.SDV.Rule.signaleventincompletion2" ScoreValue="0" ScoreUnit="SDV_PASSED" />
<AssessmentScore ScoreName="gtdriver.x64.SDV.Rule.cancelspinlock" ScoreValue="0" ScoreUnit="SDV_PASSED" />
<AssessmentScore ScoreName="gtdriver.x64.SDV.Rule.irqlrtlapc" ScoreValue="2" ScoreUnit="SDV_NA" />
<AssessmentScore ScoreName="gtdriver.x64.SDV.Rule.irqlkereleasespinlock" ScoreValue="0" ScoreUnit="SDV_PASSED" />
<AssessmentScore ScoreName="gtdriver.x64.SDV.Rule.irqlkeapclte1" ScoreValue="2" ScoreUnit="SDV_NA" />
<AssessmentScore ScoreName="gtdriver.x64.SDV.Rule.irqlkeapclte2" ScoreValue="2" ScoreUnit="SDV_NA" />
<AssessmentScore ScoreName="gtdriver.x64.SDV.Rule.adddeviceioattribcheck" ScoreValue="2" ScoreUnit="SDV_NA" />
<AssessmentScore ScoreName="gtdriver.x64.SDV.Rule.iosetcompletionroutinenonpnpdriver" ScoreValue="2" ScoreUnit="SDV_NA" />
<AssessmentScore ScoreName="gtdriver.x64.SDV.Rule.unsafeallocatepool" ScoreValue="2" ScoreUnit="SDV_NA" />
<AssessmentScore ScoreName="gtdriver.x64.SDV.Rule.nsremovelockmnremove" ScoreValue="0" ScoreUnit="SDV_PASSED" />
<AssessmentScore ScoreName="gtdriver.x64.SDV.Rule.powerdownfail" ScoreValue="0" ScoreUnit="SDV_PASSED" />
<AssessmentScore ScoreName="gtdriver.x64.SDV.Rule.withincriticalregion" ScoreValue="2" ScoreUnit="SDV_NA" />
<AssessmentScore ScoreName="gtdriver.x64.SDV.Rule.zwregistryopen" ScoreValue="2" ScoreUnit="SDV_NA" />
<AssessmentScore ScoreName="gtdriver.x64.SDV.Rule.irqlmmdispatch" ScoreValue="2" ScoreUnit="SDV_NA" />
<AssessmentScore ScoreName="gtdriver.x64.SDV.Rule.targetrelationneedsref" ScoreValue="2" ScoreUnit="SDV_NA" />
<AssessmentScore ScoreName="gtdriver.x64.SDV.Rule.wmiforward" ScoreValue="0" ScoreUnit="SDV_PASSED" />
<AssessmentScore ScoreName="gtdriver.x64.SDV.Rule.removelockreleaseclose" ScoreValue="0" ScoreUnit="SDV_PASSED" />
<AssessmentScore ScoreName="gtdriver.x64.SDV.Rule.ioallocatefree" ScoreValue="2" ScoreUnit="SDV_NA" />
<AssessmentScore ScoreName="gtdriver.x64.SDV.Rule.danglingdeviceobjectreference" ScoreValue="0" ScoreUnit="SDV_PASSED" />
<AssessmentScore ScoreName="gtdriver.x64.SDV.Rule.signaleventincompletion" ScoreValue="0" ScoreUnit="SDV_PASSED" />
<AssessmentScore ScoreName="gtdriver.x64.SDV.Rule.irqlexfree1" ScoreValue="2" ScoreUnit="SDV_NA" />
<AssessmentScore ScoreName="gtdriver.x64.SDV.Rule.kedpcroutine" ScoreValue="1" ScoreUnit="SDV_FAILED" />
<AssessmentScore ScoreName="gtdriver.x64.SDV.Rule.iobuildfsdfree" ScoreValue="2" ScoreUnit="SDV_NA" />
<AssessmentScore ScoreName="gtdriver.x64.SDV.Rule.irqliopassive1" ScoreValue="0" ScoreUnit="SDV_PASSED" />
<AssessmentScore ScoreName="gtdriver.x64.SDV.Rule.irqldispatch" ScoreValue="0" ScoreUnit="SDV_PASSED" />
<AssessmentScore ScoreName="gtdriver.x64.SDV.Rule.irqlmmapclte" ScoreValue="2" ScoreUnit="SDV_NA" />
<AssessmentScore ScoreName="gtdriver.x64.SDV.Rule.removelockreleasewrite" ScoreValue="0" ScoreUnit="SDV_PASSED" />
<AssessmentScore ScoreName="gtdriver.x64.SDV.Rule.removelockforwarddevicecontrol" ScoreValue="0" ScoreUnit="SDV_PASSED" />
<AssessmentScore ScoreName="gtdriver.x64.SDV.Rule.ioallocateirpsignaleventincompletion" ScoreValue="2" ScoreUnit="SDV_NA" />
<AssessmentScore ScoreName="gtdriver.x64.SDV.Rule.irqliodispatch" ScoreValue="2" ScoreUnit="SDV_NA" />
<AssessmentScore ScoreName="gtdriver.x64.SDV.Rule.iobuildsynchronousfsdrequest" ScoreValue="2" ScoreUnit="SDV_NA" />
<AssessmentScore ScoreName="gtdriver.x64.SDV.Rule.removelockreleaseinternaldevicecontrol" ScoreValue="2" ScoreUnit="SDV_NA" />
<AssessmentScore ScoreName="gtdriver.x64.SDV.Rule.markinginterlockedqueuedirps" ScoreValue="0" ScoreUnit="SDV_PASSED" />
<AssessmentScore ScoreName="gtdriver.x64.SDV.Rule.removelockreleasesystemcontrol" ScoreValue="0" ScoreUnit="SDV_PASSED" />
<AssessmentScore ScoreName="gtdriver.x64.SDV.Rule.iosetcompletionroutineexcheck" ScoreValue="2" ScoreUnit="SDV_NA" />
<AssessmentScore ScoreName="gtdriver.x64.SDV.Rule.removelockforwarddevicecontrolinternal2" ScoreValue="2" ScoreUnit="SDV_NA" />
<AssessmentScore ScoreName="gtdriver.x64.SDV.Rule.ioallocateforward" ScoreValue="2" ScoreUnit="SDV_NA" />
<AssessmentScore ScoreName="gtdriver.x64.SDV.Rule.pendedcompletedrequestex" ScoreValue="0" ScoreUnit="SDV_PASSED" />
<AssessmentScore ScoreName="gtdriver.x64.SDV.Rule.nsremovelockmnsurpriseremove" ScoreValue="0" ScoreUnit="SDV_PASSED" />
<AssessmentScore ScoreName="gtdriver.x64.SDV.Rule.removelockforwardread" ScoreValue="0" ScoreUnit="SDV_PASSED" />
<AssessmentScore ScoreName="gtdriver.x64.SDV.Rule.removelockforwardread2" ScoreValue="0" ScoreUnit="SDV_PASSED" />
<AssessmentScore ScoreName="gtdriver.x64.SDV.Rule.lowerdriverreturn" ScoreValue="1" ScoreUnit="SDV_FAILED" />
<AssessmentScore ScoreName="gtdriver.x64.SDV.Rule.powerdownallocate" ScoreValue="2" ScoreUnit="SDV_NA" />
<AssessmentScore ScoreName="gtdriver.x64.SDV.Rule.forwardedatbadirqlfsdasync" ScoreValue="2" ScoreUnit="SDV_NA" />
<AssessmentScore ScoreName="gtdriver.x64.SDV.Rule.irqlapclte" ScoreValue="2" ScoreUnit="SDV_NA" />
<AssessmentScore ScoreName="gtdriver.x64.SDV.Rule.debugbreakusage" ScoreValue="2" ScoreUnit="SDV_NA" />
<AssessmentScore ScoreName="gtdriver.x64.SDV.Rule.irqlzwpassive" ScoreValue="2" ScoreUnit="SDV_NA" />
<AssessmentScore ScoreName="gtdriver.x64.SDV.Rule.nullcheck" ScoreValue="0" ScoreUnit="SDV_PASSED" />
<AssessmentScore ScoreName="gtdriver.x64.SDV.Rule.iobuildsynchronousfsdrequestwaittimeout" ScoreValue="2" ScoreUnit="SDV_NA" />
<AssessmentScore ScoreName="gtdriver.x64.SDV.Rule.forwardedatbadirqlallocate" ScoreValue="2" ScoreUnit="SDV_NA" />
<AssessmentScore ScoreName="gtdriver.x64.SDV.Rule.irqlkewaitformutexobject" ScoreValue="0" ScoreUnit="SDV_PASSED" />
<AssessmentScore ScoreName="gtdriver.x64.SDV.Rule.completerequeststatuscheck" ScoreValue="1" ScoreUnit="SDV_FAILED" />
<AssessmentScore ScoreName="gtdriver.x64.SDV.Rule.initializedpcrequest" ScoreValue="0" ScoreUnit="SDV_PASSED" />
<AssessmentScore ScoreName="gtdriver.x64.SDV.Rule.startdevicewait4" ScoreValue="0" ScoreUnit="SDV_PASSED" />
<AssessmentScore ScoreName="gtdriver.x64.SDV.Rule.markirppending2" ScoreValue="0" ScoreUnit="SDV_PASSED" />
<AssessmentScore ScoreName="gtdriver.x64.SDV.Rule.ioallocate" ScoreValue="2" ScoreUnit="SDV_NA" />
<AssessmentScore ScoreName="gtdriver.x64.SDV.Rule.forwardedatbadirqlfsdsync" ScoreValue="2" ScoreUnit="SDV_NA" />
<AssessmentScore ScoreName="gtdriver.x64.SDV.Rule.criticalregions" ScoreValue="0" ScoreUnit="SDV_PASSED" />
<AssessmentScore ScoreName="gtdriver.x64.SDV.Rule.powerupfail" ScoreValue="0" ScoreUnit="SDV_PASSED" />
<AssessmentScore ScoreName="gtdriver.x64.SDV.Rule.spinlock" ScoreValue="0" ScoreUnit="SDV_PASSED" />
<AssessmentScore ScoreName="gtdriver.x64.SDV.Rule.irqlkesetevent" ScoreValue="0" ScoreUnit="SDV_PASSED" />
<AssessmentScore ScoreName="gtdriver.x64.SDV.Rule.ioreuseirp2" ScoreValue="2" ScoreUnit="SDV_NA" />
<AssessmentScore ScoreName="gtdriver.x64.SDV.Rule.pendedcompletedrequest3" ScoreValue="0" ScoreUnit="SDV_PASSED" />
<AssessmentScore ScoreName="gtdriver.x64.SDV.Rule.forwardedatbadirql" ScoreValue="0" ScoreUnit="SDV_PASSED" />
<AssessmentScore ScoreName="gtdriver.x64.SDV.Rule.completionroutineregistered" ScoreValue="2" ScoreUnit="SDV_NA" />
<AssessmentScore ScoreName="gtdriver.x64.SDV.Rule.startdevicewait2" ScoreValue="0" ScoreUnit="SDV_PASSED" />
<AssessmentScore ScoreName="gtdriver.x64.SDV.Rule.iosetcompletionexcompleteirp" ScoreValue="2" ScoreUnit="SDV_NA" />
<AssessmentScore ScoreName="gtdriver.x64.SDV.Rule.removelockreleasecleanup" ScoreValue="0" ScoreUnit="SDV_PASSED" />
<AssessmentScore ScoreName="gtdriver.x64.SDV.Rule.queuedspinlock" ScoreValue="2" ScoreUnit="SDV_NA" />
<AssessmentScore ScoreName="gtdriver.x64.SDV.Rule.queuedspinlockrelease" ScoreValue="0" ScoreUnit="SDV_PASSED" />
<AssessmentScore ScoreName="gtdriver.x64.SDV.Rule.ioreuseirp" ScoreValue="2" ScoreUnit="SDV_NA" />
<AssessmentScore ScoreName="gtdriver.x64.SDV.Rule.removelockcheck" ScoreValue="1" ScoreUnit="SDV_FAILED" />
<AssessmentScore ScoreName="gtdriver.x64.SDV.Rule.requestedpowerirp" ScoreValue="0" ScoreUnit="SDV_PASSED" />
<AssessmentScore ScoreName="gtdriver.x64.SDV.Rule.exclusiveresourceaccess" ScoreValue="2" ScoreUnit="SDV_NA" />
<AssessmentScore ScoreName="gtdriver.x64.SDV.Rule.iobuildfsdirpsignaleventincompletion" ScoreValue="2" ScoreUnit="SDV_NA" />
<AssessmentScore ScoreName="gtdriver.x64.SDV.Rule.iobuilddevicecontrolwait" ScoreValue="2" ScoreUnit="SDV_NA" />
<AssessmentScore ScoreName="gtdriver.x64.SDV.Rule.removelockforwardwrite2" ScoreValue="0" ScoreUnit="SDV_PASSED" />
<AssessmentScore ScoreName="gtdriver.x64.SDV.Rule.irqlkeraiselower" ScoreValue="0" ScoreUnit="SDV_PASSED" />
<AssessmentScore ScoreName="gtdriver.x64.SDV.Rule.removelockrelease2" ScoreValue="0" ScoreUnit="SDV_PASSED" />
<AssessmentScore ScoreName="gtdriver.x64.SDV.Rule.irqlpspassive" ScoreValue="0" ScoreUnit="SDV_PASSED" />
<AssessmentScore ScoreName="gtdriver.x64.SDV.Rule.isnonpnpdriver" ScoreValue="2" ScoreUnit="SDV_NA" />
<AssessmentScore ScoreName="gtdriver.x64.SDV.Rule.removelockmnremove2" ScoreValue="0" ScoreUnit="SDV_PASSED" />
<AssessmentScore ScoreName="gtdriver.x64.SDV.Rule.markstartdevice" ScoreValue="1" ScoreUnit="SDV_FAILED" />
<AssessmentScore ScoreName="gtdriver.x64.SDV.Rule.startioroutine" ScoreValue="0" ScoreUnit="SDV_PASSED" />
<AssessmentScore ScoreName="gtdriver.x64.SDV.Rule.ioallocatecomplete" ScoreValue="2" ScoreUnit="SDV_NA" />
<AssessmentScore ScoreName="gtdriver.x64.SDV.Rule.markqueryrelations" ScoreValue="2" ScoreUnit="SDV_NA" />
<AssessmentScore ScoreName="gtdriver.x64.SDV.Rule.zwregistrycreate" ScoreValue="2" ScoreUnit="SDV_NA" />
<AssessmentScore ScoreName="gtdriver.x64.SDV.Rule.removelockmnsurpriseremove" ScoreValue="0" ScoreUnit="SDV_PASSED" />
<AssessmentScore ScoreName="gtdriver.x64.SDV.Rule.pendedcompletedrequest" ScoreValue="0" ScoreUnit="SDV_PASSED" />
<AssessmentScore ScoreName="gtdriver.x64.SDV.Rule.irqlexapclteinline" ScoreValue="2" ScoreUnit="SDV_NA" />
<AssessmentScore ScoreName="gtdriver.x64.SDV.Rule.iobuilddeviceiocontrolsetevent" ScoreValue="2" ScoreUnit="SDV_NA" />
<AssessmentScore ScoreName="gtdriver.x64.SDV.Rule.removelockforward2" ScoreValue="0" ScoreUnit="SDV_PASSED" />
<AssessmentScore ScoreName="gtdriver.x64.SDV.Rule.removelockforward" ScoreValue="0" ScoreUnit="SDV_PASSED" />
<AssessmentScore ScoreName="gtdriver.x64.SDV.Rule.removecheck" ScoreValue="1" ScoreUnit="SDV_FAILED" />
<AssessmentScore ScoreName="gtdriver.x64.SDV.Rule.removelockreleaseread" ScoreValue="0" ScoreUnit="SDV_PASSED" />
<AssessmentScore ScoreName="gtdriver.x64.SDV.Rule.removelockforwarddevicecontrol2" ScoreValue="0" ScoreUnit="SDV_PASSED" />
<AssessmentScore ScoreName="gtdriver.x64.SDV.Rule.pnpirpcompletion" ScoreValue="0" ScoreUnit="SDV_PASSED" />
<AssessmentScore ScoreName="gtdriver.x64.SDV.Rule.pnpsurpriseremove" ScoreValue="0" ScoreUnit="SDV_PASSED" />
<AssessmentScore ScoreName="gtdriver.x64.SDV.Rule.removelockreleasepower" ScoreValue="0" ScoreUnit="SDV_PASSED" />
<AssessmentScore ScoreName="gtdriver.x64.SDV.Rule.iobuildfsdforward" ScoreValue="2" ScoreUnit="SDV_NA" />
<AssessmentScore ScoreName="gtdriver.x64.SDV.Rule.iobuilddevicecontrol" ScoreValue="2" ScoreUnit="SDV_NA" />
<AssessmentScore ScoreName="gtdriver.x64.SDV.Rule.signaleventincompletion3" ScoreValue="0" ScoreUnit="SDV_PASSED" />
<AssessmentScore ScoreName="gtdriver.x64.SDV.Rule.spinlockdpc" ScoreValue="2" ScoreUnit="SDV_NA" />
<AssessmentScore ScoreName="gtdriver.x64.SDV.Rule.safestrings" ScoreValue="2" ScoreUnit="SDV_NA" />
<AssessmentScore ScoreName="gtdriver.x64.SDV.Rule.irqliopassive2" ScoreValue="0" ScoreUnit="SDV_PASSED" />
<AssessmentScore ScoreName="gtdriver.x64.SDV.Rule.removelockforwardwrite" ScoreValue="0" ScoreUnit="SDV_PASSED" />
<AssessmentScore ScoreName="gtdriver.x64.SDV.Rule.startiorecursion" ScoreValue="2" ScoreUnit="SDV_NA" />
<AssessmentScore ScoreName="gtdriver.x64.SDV.Rule.checkirpmjpower" ScoreValue="1" ScoreUnit="SDV_FAILED" />
<AssessmentScore ScoreName="gtdriver.x64.SDV.Rule.irqlkedispatchlte" ScoreValue="0" ScoreUnit="SDV_PASSED" />
<AssessmentScore ScoreName="gtdriver.x64.SDV.Rule.spinlocksafe" ScoreValue="0" ScoreUnit="SDV_PASSED" />
<AssessmentScore ScoreName="gtdriver.x64.SDV.Rule.checkirpmjpnp" ScoreValue="1" ScoreUnit="SDV_FAILED" />
<AssessmentScore ScoreName="gtdriver.x64.SDV.Rule.irqlexfree3" ScoreValue="2" ScoreUnit="SDV_NA" />
<AssessmentScore ScoreName="gtdriver.x64.SDV.Rule.checkdriverunload" ScoreValue="1" ScoreUnit="SDV_FAILED" />
<AssessmentScore ScoreName="gtdriver.x64.SDV.Rule.danglingdeviceobjectcheck" ScoreValue="2" ScoreUnit="SDV_NA" />
<AssessmentScore ScoreName="gtdriver.x64.SDV.Rule.obsoleteddis" ScoreValue="2" ScoreUnit="SDV_NA" />
<AssessmentScore ScoreName="gtdriver.x64.SDV.Rule.removelockreleasedevicecontrol" ScoreValue="0" ScoreUnit="SDV_PASSED" />
<AssessmentScore ScoreName="gtdriver.x64.SDV.Rule.dopowerpagable" ScoreValue="0" ScoreUnit="SDV_PASSED" />
<AssessmentScore ScoreName="gtdriver.x64.SDV.Rule.checkbusdriver" ScoreValue="0" ScoreUnit="SDV_PASSED" />
<AssessmentScore ScoreName="gtdriver.x64.SDV.Rule.doublecompletion" ScoreValue="0" ScoreUnit="SDV_PASSED" />
<AssessmentScore ScoreName="gtdriver.x64.SDV.Rule.irqlrtlpassive2" ScoreValue="2" ScoreUnit="SDV_NA" />
<AssessmentScore ScoreName="gtdriver.x64.SDV.Rule.wmicomplete" ScoreValue="0" ScoreUnit="SDV_PASSED" />

<AssessmentScore ScoreName="gtdriver.x64.CodeAnalysis.Summary" ScoreValue="0" ScoreUnit="Types of defects seen" />

<AssessmentScore ScoreName="gtdriver.x64.Semmle.Summary" ScoreValue="0" ScoreUnit="Types of defects seen" />

<AssessmentScore ScoreName="gtdriver.x64.General.Checksum" ScoreValue="2EZnxeV6rMFemPlvaV/ZaJrzqprbsoWSaUBqFoW0ShKorR0K+B9jA6FXTyYl2weuex1+1JtPO2BApsseVRJOqA==" ScoreUnit="DVL Checksum Value" />
</Data>